,packets_decoded,packets_send,packets_recieved
0,0.0,1.0,1.0
1,0.0,2.0,2.0
2,0.0,3.0,3.0
3,0.0,4.0,4.0
4,0.0,5.0,5.0
5,0.0,6.0,6.0
6,0.0,7.0,7.0
7,0.0,8.0,8.0
8,0.0,9.0,9.0
9,0.0,10.0,10.0
10,0.0,11.0,11.0
11,0.0,12.0,12.0
12,0.0,13.0,13.0
13,0.0,14.0,14.0
14,0.06666666666666665,15.0,15.0
15,0.125,16.0,16.0
16,0.17647058823529416,17.0,17.0
17,0.2222222222222222,18.0,18.0
